{
  "classical_mlp": {
    "mae": 2.1734137535095215,
    "opt_gap": 3.1740996837615967,
    "params": 39425
  },
  "tropical_mlp": {
    "mae": 1.3489023447036743,
    "opt_gap": 1.9649558067321777,
    "params": 39881
  },
  "hybrid_mlp": {
    "mae": 1.0112162828445435,
    "opt_gap": 1.4723224639892578,
    "params": 118473
  }
}