{
  "mlp": {
    "params": 210177,
    "mse": 3.267714862823486,
    "mae": 1.4241554737091064,
    "optimality_gap_pct": 1.8787388801574707,
    "correlation": 0.9613356115886913
  },
  "deep_tropical": {
    "params": 805985,
    "mse": 3.9462621879577635,
    "mae": 1.5709729194641113,
    "optimality_gap_pct": 2.072904348373413,
    "correlation": 0.9530245717094086
  },
  "tropformer": {
    "params": 805937,
    "mse": 3.249933776855469,
    "mae": 1.4377931356430054,
    "optimality_gap_pct": 1.8967862129211426,
    "correlation": 0.9614765489895476
  }
}