{
  "classical_mlp": {
    "mae": 1.3172975778579712,
    "opt_rate": 0.07054422795772552,
    "params": 164672
  },
  "tropical_mlp": {
    "mae": 1.3509718179702759,
    "opt_rate": 0.06438016891479492,
    "params": 165512
  },
  "hybrid_mlp": {
    "mae": 1.3623838424682617,
    "opt_rate": 0.06522312015295029,
    "params": 461960
  }
}