{
  "mlp": {
    "params": 271504,
    "mae": 0.49074625968933105,
    "optimality_rate": 0.06219444423913956,
    "mse": 0.4303900463581085
  },
  "deep_tropical": {
    "params": 867312,
    "mae": 0.49336177110671997,
    "optimality_rate": 0.06584722548723221,
    "mse": 0.42385206127166747
  },
  "tropformer": {
    "params": 867264,
    "mae": 0.49303704500198364,
    "optimality_rate": 0.06640972197055817,
    "mse": 0.4230352284908295
  }
}