{
  "code_distance": 3,
  "config": {
    "d_model": 256,
    "context_len": 10,
    "n_blocks": 2,
    "n_heads": 8,
    "top_k": 8,
    "mem_depth": 5,
    "n_steps": 100000,
    "batch_size": 32,
    "lr": 0.0002,
    "vocab_size": 3,
    "p_train": 0.05
  },
  "params": 3932718,
  "best_val_accuracy": 0.968,
  "test": {
    "accuracy": 0.95716,
    "logical_error_rate": 0.04283999999999999,
    "n_samples": 50000
  },
  "error_rate_sweep": {
    "0.02": {
      "physical_error_rate": 0.02,
      "logical_error_rate": 0.006099999999999994,
      "raw_logical_rate": 0.0552,
      "accuracy": 0.9939,
      "n_samples": 10000
    },
    "0.04": {
      "physical_error_rate": 0.04,
      "logical_error_rate": 0.028800000000000048,
      "raw_logical_rate": 0.1126,
      "accuracy": 0.9712,
      "n_samples": 10000
    },
    "0.06": {
      "physical_error_rate": 0.06,
      "logical_error_rate": 0.059599999999999986,
      "raw_logical_rate": 0.161,
      "accuracy": 0.9404,
      "n_samples": 10000
    },
    "0.08": {
      "physical_error_rate": 0.08,
      "logical_error_rate": 0.09689999999999999,
      "raw_logical_rate": 0.2072,
      "accuracy": 0.9031,
      "n_samples": 10000
    },
    "0.1": {
      "physical_error_rate": 0.1,
      "logical_error_rate": 0.13649999999999995,
      "raw_logical_rate": 0.2487,
      "accuracy": 0.8635,
      "n_samples": 10000
    },
    "0.12": {
      "physical_error_rate": 0.12,
      "logical_error_rate": 0.1804,
      "raw_logical_rate": 0.2847,
      "accuracy": 0.8196,
      "n_samples": 10000
    }
  },
  "training_log": [
    {
      "step": 22000,
      "train_loss": 0.33936,
      "val_loss": 0.15415,
      "val_accuracy": 0.9525,
      "best_val_accuracy": 0.9525,
      "grad_norm": 1.3002,
      "lr": 0.0001821,
      "wall_time_s": 333.6,
      "ms_per_step": 15.2
    },
    {
      "step": 24000,
      "train_loss": 0.21128,
      "val_loss": 0.13218,
      "val_accuracy": 0.958,
      "best_val_accuracy": 0.958,
      "grad_norm": 0.692,
      "lr": 0.0001785,
      "wall_time_s": 667.4,
      "ms_per_step": 27.8
    },
    {
      "step": 26000,
      "train_loss": 0.18832,
      "val_loss": 0.13701,
      "val_accuracy": 0.956,
      "best_val_accuracy": 0.958,
      "grad_norm": 0.4825,
      "lr": 0.0001747,
      "wall_time_s": 1001.3,
      "ms_per_step": 38.5
    },
    {
      "step": 28000,
      "train_loss": 0.22462,
      "val_loss": 0.1609,
      "val_accuracy": 0.9465,
      "best_val_accuracy": 0.958,
      "grad_norm": 0.6094,
      "lr": 0.0001705,
      "wall_time_s": 1320.6,
      "ms_per_step": 47.2
    },
    {
      "step": 30000,
      "train_loss": 0.26636,
      "val_loss": 0.133,
      "val_accuracy": 0.956,
      "best_val_accuracy": 0.958,
      "grad_norm": 0.8642,
      "lr": 0.0001661,
      "wall_time_s": 1637.0,
      "ms_per_step": 54.6
    },
    {
      "step": 32000,
      "train_loss": 0.25325,
      "val_loss": 0.13991,
      "val_accuracy": 0.958,
      "best_val_accuracy": 0.958,
      "grad_norm": 0.992,
      "lr": 0.0001615,
      "wall_time_s": 1951.3,
      "ms_per_step": 61.0
    },
    {
      "step": 34000,
      "train_loss": 0.19974,
      "val_loss": 0.11942,
      "val_accuracy": 0.9515,
      "best_val_accuracy": 0.958,
      "grad_norm": 0.7312,
      "lr": 0.0001567,
      "wall_time_s": 2266.5,
      "ms_per_step": 66.7
    },
    {
      "step": 36000,
      "train_loss": 0.39215,
      "val_loss": 0.14193,
      "val_accuracy": 0.956,
      "best_val_accuracy": 0.958,
      "grad_norm": 1.6261,
      "lr": 0.0001516,
      "wall_time_s": 2581.5,
      "ms_per_step": 71.7
    },
    {
      "step": 38000,
      "train_loss": 0.17492,
      "val_loss": 0.12027,
      "val_accuracy": 0.9555,
      "best_val_accuracy": 0.958,
      "grad_norm": 0.3861,
      "lr": 0.0001464,
      "wall_time_s": 2895.3,
      "ms_per_step": 76.2
    },
    {
      "step": 40000,
      "train_loss": 0.3014,
      "val_loss": 0.10517,
      "val_accuracy": 0.9515,
      "best_val_accuracy": 0.958,
      "grad_norm": 0.991,
      "lr": 0.0001411,
      "wall_time_s": 3209.7,
      "ms_per_step": 80.2
    },
    {
      "step": 42000,
      "train_loss": 0.09575,
      "val_loss": 0.12582,
      "val_accuracy": 0.964,
      "best_val_accuracy": 0.964,
      "grad_norm": 0.5851,
      "lr": 0.0001356,
      "wall_time_s": 3524.1,
      "ms_per_step": 83.9
    },
    {
      "step": 44000,
      "train_loss": 0.19318,
      "val_loss": 0.14646,
      "val_accuracy": 0.95,
      "best_val_accuracy": 0.964,
      "grad_norm": 0.5718,
      "lr": 0.00013,
      "wall_time_s": 3840.2,
      "ms_per_step": 87.3
    },
    {
      "step": 46000,
      "train_loss": 0.35919,
      "val_loss": 0.16043,
      "val_accuracy": 0.9515,
      "best_val_accuracy": 0.964,
      "grad_norm": 0.9439,
      "lr": 0.0001244,
      "wall_time_s": 4155.5,
      "ms_per_step": 90.3
    },
    {
      "step": 48000,
      "train_loss": 0.37195,
      "val_loss": 0.12941,
      "val_accuracy": 0.9585,
      "best_val_accuracy": 0.964,
      "grad_norm": 1.4534,
      "lr": 0.0001186,
      "wall_time_s": 4471.5,
      "ms_per_step": 93.2
    },
    {
      "step": 50000,
      "train_loss": 0.1714,
      "val_loss": 0.15886,
      "val_accuracy": 0.962,
      "best_val_accuracy": 0.964,
      "grad_norm": 0.4068,
      "lr": 0.0001129,
      "wall_time_s": 4786.5,
      "ms_per_step": 95.7
    },
    {
      "step": 52000,
      "train_loss": 0.12525,
      "val_loss": 0.11589,
      "val_accuracy": 0.96,
      "best_val_accuracy": 0.964,
      "grad_norm": 0.4996,
      "lr": 0.0001071,
      "wall_time_s": 5102.4,
      "ms_per_step": 98.1
    },
    {
      "step": 54000,
      "train_loss": 0.28581,
      "val_loss": 0.1443,
      "val_accuracy": 0.9625,
      "best_val_accuracy": 0.964,
      "grad_norm": 0.6834,
      "lr": 0.0001014,
      "wall_time_s": 5416.6,
      "ms_per_step": 100.3
    },
    {
      "step": 56000,
      "train_loss": 0.30933,
      "val_loss": 0.11957,
      "val_accuracy": 0.9545,
      "best_val_accuracy": 0.964,
      "grad_norm": 0.6409,
      "lr": 9.56e-05,
      "wall_time_s": 5730.6,
      "ms_per_step": 102.3
    },
    {
      "step": 58000,
      "train_loss": 0.2317,
      "val_loss": 0.17342,
      "val_accuracy": 0.953,
      "best_val_accuracy": 0.964,
      "grad_norm": 0.8394,
      "lr": 9e-05,
      "wall_time_s": 6046.8,
      "ms_per_step": 104.3
    },
    {
      "step": 60000,
      "train_loss": 0.29552,
      "val_loss": 0.12645,
      "val_accuracy": 0.959,
      "best_val_accuracy": 0.964,
      "grad_norm": 1.2777,
      "lr": 8.44e-05,
      "wall_time_s": 6362.5,
      "ms_per_step": 106.0
    },
    {
      "step": 62000,
      "train_loss": 0.25883,
      "val_loss": 0.12328,
      "val_accuracy": 0.954,
      "best_val_accuracy": 0.964,
      "grad_norm": 0.3415,
      "lr": 7.89e-05,
      "wall_time_s": 6678.3,
      "ms_per_step": 107.7
    },
    {
      "step": 64000,
      "train_loss": 0.14026,
      "val_loss": 0.09708,
      "val_accuracy": 0.961,
      "best_val_accuracy": 0.964,
      "grad_norm": 0.4143,
      "lr": 7.36e-05,
      "wall_time_s": 6994.2,
      "ms_per_step": 109.3
    },
    {
      "step": 66000,
      "train_loss": 0.45281,
      "val_loss": 0.13612,
      "val_accuracy": 0.955,
      "best_val_accuracy": 0.964,
      "grad_norm": 1.3225,
      "lr": 6.84e-05,
      "wall_time_s": 7309.8,
      "ms_per_step": 110.8
    },
    {
      "step": 68000,
      "train_loss": 0.24107,
      "val_loss": 0.13624,
      "val_accuracy": 0.9555,
      "best_val_accuracy": 0.964,
      "grad_norm": 0.85,
      "lr": 6.33e-05,
      "wall_time_s": 7625.7,
      "ms_per_step": 112.1
    },
    {
      "step": 70000,
      "train_loss": 0.35752,
      "val_loss": 0.10928,
      "val_accuracy": 0.957,
      "best_val_accuracy": 0.964,
      "grad_norm": 1.0394,
      "lr": 5.85e-05,